train_loss,train_positive_acc,train_negative_acc,val_loss,val_positive_acc,val_negative_acc
0.005947489806544255,0.1030818278427205,0.946145538398669,0.13746064743294023,0.0745466756212223,0.9985049802844275
